company_name,category,homepage_url,careers_url,check_url,render_mode,active,notes
3i Asset Management Company Limited,Asset Management Company,,,,auto,yes,Master source: BSEC — Asset Management Companies; Manual review: homepage missing; Manual review: homepage missing; Manual review: homepage missing; Manual review: homepage missing; Manual review: homepage missing; Manual review: homepage missing; Manual review: homepage missing; Manual review: homepage missing
Abdul Momen Equity Management Limited,Asset Management Company,,,,auto,yes,Master source: BSEC — Asset Management Companies; Manual review: homepage missing; Manual review: homepage missing; Manual review: homepage missing; Manual review: homepage missing; Manual review: homepage missing; Manual review: homepage missing; Manual review: homepage missing; Manual review: homepage missing
ACACIA SRIM Ltd.,Asset Management Company,,,,auto,yes,Master source: BSEC — Asset Management Companies; Manual review: homepage missing; Manual review: homepage missing; Manual review: homepage missing; Manual review: homepage missing; Manual review: homepage missing; Manual review: homepage missing; Manual review: homepage missing; Manual review: homepage missing
Alif Asset Management Company Ltd.,Asset Management Company,,,,auto,yes,Master source: BSEC — Asset Management Companies; Manual review: homepage missing; Manual review: homepage missing; Manual review: homepage missing; Manual review: homepage missing; Manual review: homepage missing; Manual review: homepage missing; Manual review: homepage missing; Manual review: homepage missing
AMS Global Asset Management Company Limited,Asset Management Company,,,,auto,yes,Master source: BSEC — Asset Management Companies; Manual review: homepage missing; Manual review: homepage missing; Manual review: homepage missing; Manual review: homepage missing; Manual review: homepage missing; Manual review: homepage missing; Manual review: homepage missing; Manual review: homepage missing
Annesha Securities and Asset Management Ltd.,Asset Management Company,,,,auto,yes,Master source: BSEC — Asset Management Companies; Manual review: homepage missing; Manual review: homepage missing; Manual review: homepage missing; Manual review: homepage missing; Manual review: homepage missing; Manual review: homepage missing; Manual review: homepage missing; Manual review: homepage missing
Asian Tiger Capital Partners Asset Management Ltd.,Asset Management Company,,,,auto,yes,Master source: BSEC — Asset Management Companies; Manual review: homepage missing; Manual review: homepage missing; Manual review: homepage missing; Manual review: homepage missing; Manual review: homepage missing; Manual review: homepage missing; Manual review: homepage missing; Manual review: homepage missing
Asset & Investment Management Services Bangladesh Ltd. (AIMS),Asset Management Company,https://www.aims-bangladesh.com,,https://www.aims-bangladesh.com,auto,yes,"Master source: BSEC — Asset Management Companies; Homepage check failed: ConnectionError: HTTPSConnectionPool(host='www.aims-bangladesh.com', port=443): Max retries exceeded with url: / (Caused by NewConnectionError(""HTTPSConnection(host='www.aims-bangladesh.com', port=443): Failed to establish a new connection: [Errno 111] Connection refused""))"
Assurance Asset Management Ltd.,Asset Management Company,,,,auto,yes,Master source: BSEC — Asset Management Companies; Manual review: homepage missing; Manual review: homepage missing; Manual review: homepage missing; Manual review: homepage missing; Manual review: homepage missing; Manual review: homepage missing; Manual review: homepage missing; Manual review: homepage missing
BDV Asset Management Company Limited,Asset Management Company,,,,auto,yes,Master source: BSEC — Asset Management Companies; Manual review: homepage missing; Manual review: homepage missing; Manual review: homepage missing; Manual review: homepage missing; Manual review: homepage missing; Manual review: homepage missing; Manual review: homepage missing; Manual review: homepage missing
Bloominance Asset Management Company Limited.,Asset Management Company,,,,auto,yes,Master source: BSEC — Asset Management Companies; Manual review: homepage missing; Manual review: homepage missing; Manual review: homepage missing; Manual review: homepage missing; Manual review: homepage missing; Manual review: homepage missing; Manual review: homepage missing; Manual review: homepage missing
Blue-Wealth Assets Limited,Asset Management Company,,,,auto,yes,Master source: BSEC — Asset Management Companies; Manual review: homepage missing; Manual review: homepage missing; Manual review: homepage missing; Manual review: homepage missing; Manual review: homepage missing; Manual review: homepage missing; Manual review: homepage missing; Manual review: homepage missing
BMSL Asset Management Company Limited,Asset Management Company,,,,auto,yes,Master source: BSEC — Asset Management Companies; Manual review: homepage missing; Manual review: homepage missing; Manual review: homepage missing; Manual review: homepage missing; Manual review: homepage missing; Manual review: homepage missing; Manual review: homepage missing; Manual review: homepage missing
CandleStone Investments Partner Limited,Asset Management Company,,,,auto,yes,Master source: BSEC — Asset Management Companies; Manual review: homepage missing; Manual review: homepage missing; Manual review: homepage missing; Manual review: homepage missing; Manual review: homepage missing; Manual review: homepage missing; Manual review: homepage missing; Manual review: homepage missing
Capitec Asset Management Limited,Asset Management Company,,,,auto,yes,Master source: BSEC — Asset Management Companies; Manual review: homepage missing; Manual review: homepage missing; Manual review: homepage missing; Manual review: homepage missing; Manual review: homepage missing; Manual review: homepage missing; Manual review: homepage missing; Manual review: homepage missing
CAPM (Capital & Asset Portfolio Management) Company Ltd.,Asset Management Company,,,,auto,yes,Master source: BSEC — Asset Management Companies; Manual review: homepage missing; Manual review: homepage missing; Manual review: homepage missing; Manual review: homepage missing; Manual review: homepage missing; Manual review: homepage missing; Manual review: homepage missing; Manual review: homepage missing
CBC Asset Management Limited,Asset Management Company,,,,auto,yes,Master source: BSEC — Asset Management Companies; Manual review: homepage missing; Manual review: homepage missing; Manual review: homepage missing; Manual review: homepage missing; Manual review: homepage missing; Manual review: homepage missing; Manual review: homepage missing; Manual review: homepage missing
Credence Asset Management Limited,Asset Management Company,,,,auto,yes,Master source: BSEC — Asset Management Companies; Manual review: homepage missing; Manual review: homepage missing; Manual review: homepage missing; Manual review: homepage missing; Manual review: homepage missing; Manual review: homepage missing; Manual review: homepage missing; Manual review: homepage missing
CWT Asset Management Company Limited,Asset Management Company,,,,auto,yes,Master source: BSEC — Asset Management Companies; Manual review: homepage missing; Manual review: homepage missing; Manual review: homepage missing; Manual review: homepage missing; Manual review: homepage missing; Manual review: homepage missing; Manual review: homepage missing; Manual review: homepage missing
Delta Strategies Asset Management Limited,Asset Management Company,,,,auto,yes,Master source: BSEC — Asset Management Companies; Manual review: homepage missing; Manual review: homepage missing; Manual review: homepage missing; Manual review: homepage missing; Manual review: homepage missing; Manual review: homepage missing; Manual review: homepage missing; Manual review: homepage missing
EBL Asset Management Ltd.,Asset Management Company,,,,auto,yes,Master source: BSEC — Asset Management Companies; Manual review: homepage missing; Manual review: homepage missing; Manual review: homepage missing; Manual review: homepage missing; Manual review: homepage missing; Manual review: homepage missing; Manual review: homepage missing; Manual review: homepage missing
EDGE AMC Limited,Asset Management Company,,,,auto,yes,Master source: BSEC — Asset Management Companies; Manual review: homepage missing; Manual review: homepage missing; Manual review: homepage missing; Manual review: homepage missing; Manual review: homepage missing; Manual review: homepage missing; Manual review: homepage missing; Manual review: homepage missing
Ekush Wealth Management Limited,Asset Management Company,,,,auto,yes,Master source: BSEC — Asset Management Companies; Manual review: homepage missing; Manual review: homepage missing; Manual review: homepage missing; Manual review: homepage missing; Manual review: homepage missing; Manual review: homepage missing; Manual review: homepage missing; Manual review: homepage missing
Emerging Global Asset Management Ltd.,Asset Management Company,,,,auto,yes,Master source: BSEC — Asset Management Companies; Manual review: homepage missing; Manual review: homepage missing; Manual review: homepage missing; Manual review: homepage missing; Manual review: homepage missing; Manual review: homepage missing; Manual review: homepage missing; Manual review: homepage missing
Enter Asset Management Ltd.,Asset Management Company,,,,auto,yes,Master source: BSEC — Asset Management Companies; Manual review: homepage missing; Manual review: homepage missing; Manual review: homepage missing; Manual review: homepage missing; Manual review: homepage missing; Manual review: homepage missing; Manual review: homepage missing; Manual review: homepage missing
FAR Asset Management Limited,Asset Management Company,,,,auto,yes,Master source: BSEC — Asset Management Companies; Manual review: homepage missing; Manual review: homepage missing; Manual review: homepage missing; Manual review: homepage missing; Manual review: homepage missing; Manual review: homepage missing; Manual review: homepage missing; Manual review: homepage missing
FinTech Asset Management Limited,Asset Management Company,,,,auto,yes,Master source: BSEC — Asset Management Companies; Manual review: homepage missing; Manual review: homepage missing; Manual review: homepage missing; Manual review: homepage missing; Manual review: homepage missing; Manual review: homepage missing; Manual review: homepage missing; Manual review: homepage missing
Frontier Asset Management Limited,Asset Management Company,,,,auto,yes,Master source: BSEC — Asset Management Companies; Manual review: homepage missing; Manual review: homepage missing; Manual review: homepage missing; Manual review: homepage missing; Manual review: homepage missing; Manual review: homepage missing; Manual review: homepage missing; Manual review: homepage missing
Global Assurance Asset Management Limited,Asset Management Company,,,,auto,yes,Master source: BSEC — Asset Management Companies; Manual review: homepage missing; Manual review: homepage missing; Manual review: homepage missing; Manual review: homepage missing; Manual review: homepage missing; Manual review: homepage missing; Manual review: homepage missing; Manual review: homepage missing
Green Delta Dragon Asset Management Company Ltd.,Asset Management Company,,,,auto,yes,Master source: BSEC — Asset Management Companies; Manual review: homepage missing; Manual review: homepage missing; Manual review: homepage missing; Manual review: homepage missing; Manual review: homepage missing; Manual review: homepage missing; Manual review: homepage missing; Manual review: homepage missing
HF Asset Management Limited,Asset Management Company,,,,auto,yes,Master source: BSEC — Asset Management Companies; Manual review: homepage missing; Manual review: homepage missing; Manual review: homepage missing; Manual review: homepage missing; Manual review: homepage missing; Manual review: homepage missing; Manual review: homepage missing; Manual review: homepage missing
ICB Asset Management PLC,Asset Management Company,https://www.icbamcl.com.bd,,https://www.icbamcl.com.bd,auto,yes,"Master source: BSEC — Asset Management Companies; Homepage check failed: SSLError: HTTPSConnectionPool(host='www.icbamcl.com.bd', port=443): Max retries exceeded with url: / (Caused by SSLError(SSLCertVerificationError(1, '[SSL: CERTIFICATE_VERIFY_FAILED] certificate verify failed: certificate has expired (_ssl.c:1010)')))"
Investasia Capital Asset Management Ltd.,Asset Management Company,,,,auto,yes,Master source: BSEC — Asset Management Companies; Manual review: homepage missing; Manual review: homepage missing; Manual review: homepage missing; Manual review: homepage missing; Manual review: homepage missing; Manual review: homepage missing; Manual review: homepage missing; Manual review: homepage missing
Investit Asset Management Limited,Asset Management Company,,,,auto,yes,Master source: BSEC — Asset Management Companies; Manual review: homepage missing; Manual review: homepage missing; Manual review: homepage missing; Manual review: homepage missing; Manual review: homepage missing; Manual review: homepage missing; Manual review: homepage missing; Manual review: homepage missing
IPR Asset Management Ltd.,Asset Management Company,,,,auto,yes,Master source: BSEC — Asset Management Companies; Manual review: homepage missing; Manual review: homepage missing; Manual review: homepage missing; Manual review: homepage missing; Manual review: homepage missing; Manual review: homepage missing; Manual review: homepage missing; Manual review: homepage missing
Joytun Asset Management Ltd.,Asset Management Company,,,,auto,yes,Master source: BSEC — Asset Management Companies; Manual review: homepage missing; Manual review: homepage missing; Manual review: homepage missing; Manual review: homepage missing; Manual review: homepage missing; Manual review: homepage missing; Manual review: homepage missing; Manual review: homepage missing
MBL Asset Management Limited,Asset Management Company,,,,auto,yes,Master source: BSEC — Asset Management Companies; Manual review: homepage missing; Manual review: homepage missing; Manual review: homepage missing; Manual review: homepage missing; Manual review: homepage missing; Manual review: homepage missing; Manual review: homepage missing; Manual review: homepage missing
Meghna Asset Management Limited.,Asset Management Company,,,,auto,yes,Master source: BSEC — Asset Management Companies; Manual review: homepage missing; Manual review: homepage missing; Manual review: homepage missing; Manual review: homepage missing; Manual review: homepage missing; Manual review: homepage missing; Manual review: homepage missing; Manual review: homepage missing
Midland Bank Asset Management Company Limited,Asset Management Company,,,,auto,yes,Master source: BSEC — Asset Management Companies; Manual review: homepage missing; Manual review: homepage missing; Manual review: homepage missing; Manual review: homepage missing; Manual review: homepage missing; Manual review: homepage missing; Manual review: homepage missing; Manual review: homepage missing
National Asset Management PLC.,Asset Management Company,https://www.nambd.com,,https://www.nambd.com,auto,yes,Master source: BSEC — Asset Management Companies; Homepage check failed: Blocked by robots.txt: https://www.nambd.com/robots.txt
Peninsula Asset Management Limited,Asset Management Company,,,,auto,yes,Master source: BSEC — Asset Management Companies; Manual review: homepage missing; Manual review: homepage missing; Manual review: homepage missing; Manual review: homepage missing; Manual review: homepage missing; Manual review: homepage missing; Manual review: homepage missing; Manual review: homepage missing
PLI Asset Management Limited,Asset Management Company,,,,auto,yes,Master source: BSEC — Asset Management Companies; Manual review: homepage missing; Manual review: homepage missing; Manual review: homepage missing; Manual review: homepage missing; Manual review: homepage missing; Manual review: homepage missing; Manual review: homepage missing; Manual review: homepage missing
PMJ Asset Management Limited,Asset Management Company,,,,auto,yes,Master source: BSEC — Asset Management Companies; Manual review: homepage missing; Manual review: homepage missing; Manual review: homepage missing; Manual review: homepage missing; Manual review: homepage missing; Manual review: homepage missing; Manual review: homepage missing; Manual review: homepage missing
Prime Finance Asset Management Company Ltd.,Asset Management Company,,,,auto,yes,Master source: BSEC — Asset Management Companies; Manual review: homepage missing; Manual review: homepage missing; Manual review: homepage missing; Manual review: homepage missing; Manual review: homepage missing; Manual review: homepage missing; Manual review: homepage missing; Manual review: homepage missing
RACE Management Pvt. Co. Ltd.,Asset Management Company,https://www.racebd.com,,https://www.racebd.com,auto,yes,"Master source: BSEC — Asset Management Companies; Homepage check failed: SSLError: HTTPSConnectionPool(host='www.racebd.com', port=443): Max retries exceeded with url: / (Caused by SSLError(SSLCertVerificationError(1, '[SSL: CERTIFICATE_VERIFY_FAILED] certificate verify failed: self-signed certificate (_ssl.c:1010)')))"
Royal Bengal Investment Management Company Ltd.,Asset Management Company,,,,auto,yes,Master source: BSEC — Asset Management Companies; Manual review: homepage missing; Manual review: homepage missing; Manual review: homepage missing; Manual review: homepage missing; Manual review: homepage missing; Manual review: homepage missing; Manual review: homepage missing; Manual review: homepage missing
Sandhani Asset Management Ltd.,Asset Management Company,,,,auto,yes,Master source: BSEC — Asset Management Companies; Manual review: homepage missing; Manual review: homepage missing; Manual review: homepage missing; Manual review: homepage missing; Manual review: homepage missing; Manual review: homepage missing; Manual review: homepage missing; Manual review: homepage missing
Shahjalal Asset Management Limited,Asset Management Company,,,,auto,yes,Master source: BSEC — Asset Management Companies; Manual review: homepage missing; Manual review: homepage missing; Manual review: homepage missing; Manual review: homepage missing; Manual review: homepage missing; Manual review: homepage missing; Manual review: homepage missing; Manual review: homepage missing
Shofol AMC & Alternative Venture Limited,Asset Management Company,,,,auto,yes,Master source: BSEC — Asset Management Companies; Manual review: homepage missing; Manual review: homepage missing; Manual review: homepage missing; Manual review: homepage missing; Manual review: homepage missing; Manual review: homepage missing; Manual review: homepage missing; Manual review: homepage missing
Universal Financial Solutions Ltd.,Asset Management Company,,,,auto,yes,Master source: BSEC — Asset Management Companies; Manual review: homepage missing; Manual review: homepage missing; Manual review: homepage missing; Manual review: homepage missing; Manual review: homepage missing; Manual review: homepage missing; Manual review: homepage missing; Manual review: homepage missing
Vanguard Asset Management Limited,Asset Management Company,http://www.vanguardaml.com,,http://www.vanguardaml.com,auto,yes,Master source: BSEC — Asset Management Companies; No career page discovered; homepage will be monitored
Zenith Investment Ltd.,Asset Management Company,,,,auto,yes,Master source: BSEC — Asset Management Companies; Manual review: homepage missing; Manual review: homepage missing; Manual review: homepage missing; Manual review: homepage missing; Manual review: homepage missing; Manual review: homepage missing; Manual review: homepage missing; Manual review: homepage missing
Alliance Capital Asset Management Limited,Asset Management Company | Fund Manager,https://www.acaml.com,,https://www.acaml.com,auto,yes,Master source: BSEC — Asset Management Companies; Master source: BSEC — Fund Managers; No career page discovered; homepage will be monitored
Constellation Asset Management Company Limited,Asset Management Company | Fund Manager,,,,auto,yes,Master source: BSEC — Asset Management Companies; Master source: BSEC — Fund Managers; Manual review: homepage missing; Manual review: homepage missing; Manual review: homepage missing; Manual review: homepage missing; Manual review: homepage missing; Manual review: homepage missing; Manual review: homepage missing; Manual review: homepage missing
GM Equity Ltd.,Asset Management Company | Fund Manager,,,,auto,yes,Master source: BSEC — Asset Management Companies; Master source: BSEC — Fund Managers; Manual review: homepage missing; Manual review: homepage missing; Manual review: homepage missing; Manual review: homepage missing; Manual review: homepage missing; Manual review: homepage missing; Manual review: homepage missing; Manual review: homepage missing
IDLC Asset Management Limited,Asset Management Company | Fund Manager,,,,auto,yes,Master source: BSEC — Asset Management Companies; Master source: BSEC — Fund Managers; Manual review: homepage missing; Manual review: homepage missing; Manual review: homepage missing; Manual review: homepage missing; Manual review: homepage missing; Manual review: homepage missing; Manual review: homepage missing; Manual review: homepage missing
Impress Capital Limited,Asset Management Company | Fund Manager,,,,auto,yes,Master source: BSEC — Asset Management Companies; Master source: BSEC — Fund Managers; Manual review: homepage missing; Manual review: homepage missing; Manual review: homepage missing; Manual review: homepage missing; Manual review: homepage missing; Manual review: homepage missing; Manual review: homepage missing; Manual review: homepage missing
LankaBangla Asset Management Company Limited,Asset Management Company | Fund Manager,,,,auto,yes,Master source: BSEC — Asset Management Companies; Master source: BSEC — Fund Managers; Manual review: homepage missing; Manual review: homepage missing; Manual review: homepage missing; Manual review: homepage missing; Manual review: homepage missing; Manual review: homepage missing; Manual review: homepage missing; Manual review: homepage missing
LR Global Bangladesh Asset Management Company Limited,Asset Management Company | Fund Manager,https://www.lrglobalbd.com,https://www.lrglobalbd.com/careers/,https://www.lrglobalbd.com/careers/,auto,yes,Master source: BSEC — Asset Management Companies; Master source: BSEC — Fund Managers; Career URL discovered from homepage
Maslin Capital Limited,Asset Management Company | Fund Manager,,,,auto,yes,Master source: BSEC — Asset Management Companies; Master source: BSEC — Fund Managers; Manual review: homepage missing; Manual review: homepage missing; Manual review: homepage missing; Manual review: homepage missing; Manual review: homepage missing; Manual review: homepage missing; Manual review: homepage missing; Manual review: homepage missing
Shanta Asset Management Limited,Asset Management Company | Fund Manager,,,,auto,yes,Master source: BSEC — Asset Management Companies; Master source: BSEC — Fund Managers; Manual review: homepage missing; Manual review: homepage missing; Manual review: homepage missing; Manual review: homepage missing; Manual review: homepage missing; Manual review: homepage missing; Manual review: homepage missing; Manual review: homepage missing
Stockmate Asset Management Limited,Asset Management Company | Fund Manager,,,,auto,yes,Master source: BSEC — Asset Management Companies; Master source: BSEC — Fund Managers; Manual review: homepage missing; Manual review: homepage missing; Manual review: homepage missing; Manual review: homepage missing; Manual review: homepage missing; Manual review: homepage missing; Manual review: homepage missing; Manual review: homepage missing
Strategic Equity Management Limited.,Asset Management Company | Fund Manager,,,,auto,yes,Master source: BSEC — Asset Management Companies; Master source: BSEC — Fund Managers; Manual review: homepage missing; Manual review: homepage missing; Manual review: homepage missing; Manual review: homepage missing; Manual review: homepage missing; Manual review: homepage missing; Manual review: homepage missing; Manual review: homepage missing
UCB Asset Management Limited,Asset Management Company | Fund Manager,,,,auto,yes,Master source: BSEC — Asset Management Companies; Master source: BSEC — Fund Managers; Manual review: homepage missing; Manual review: homepage missing; Manual review: homepage missing; Manual review: homepage missing; Manual review: homepage missing; Manual review: homepage missing; Manual review: homepage missing; Manual review: homepage missing
Ventura Asset Management Company Ltd.,Asset Management Company | Fund Manager,,,,auto,yes,Master source: BSEC — Asset Management Companies; Master source: BSEC — Fund Managers; Manual review: homepage missing; Manual review: homepage missing; Manual review: homepage missing; Manual review: homepage missing; Manual review: homepage missing; Manual review: homepage missing; Manual review: homepage missing; Manual review: homepage missing
VIPB Asset Management Company Ltd.,Asset Management Company | Fund Manager,https://www.vipbamc.com,https://vipbamc.com/careers,https://vipbamc.com/careers,auto,yes,Master source: BSEC — Asset Management Companies; Master source: BSEC — Fund Managers; Career URL discovered from homepage
X Angel Limited,Asset Management Company | Fund Manager,,,,auto,yes,Master source: BSEC — Asset Management Companies; Master source: BSEC — Fund Managers; Manual review: homepage missing; Manual review: homepage missing; Manual review: homepage missing; Manual review: homepage missing; Manual review: homepage missing; Manual review: homepage missing; Manual review: homepage missing; Manual review: homepage missing
Alpha Credit Rating Limited,Credit Rating Agency,https://www.alpharating.com,,https://www.alpharating.com,auto,yes,Master source: BSEC — Credit Rating Agencies; No career page discovered; homepage will be monitored
ARGUS Credit Rating Services Ltd,Credit Rating Agency,https://www.acrslbd.com,,https://www.acrslbd.com,auto,yes,"Master source: BSEC — Credit Rating Agencies; Homepage check failed: SSLError: HTTPSConnectionPool(host='www.acrslbd.com', port=443): Max retries exceeded with url: / (Caused by SSLError(SSLError(1, '[SSL: WRONG_VERSION_NUMBER] wrong version number (_ssl.c:1010)')))"
Credit Rating Agency of Bangladesh Ltd (CRAB),Credit Rating Agency,https://www.crab.com.bd,https://crab.com.bd/career/,https://crab.com.bd/career/,auto,yes,Master source: BSEC — Credit Rating Agencies; Career URL discovered from homepage
Credit Rating Information and Services Ltd (CRISL),Credit Rating Agency,https://www.crislbd.com,https://www.crislbd.com/page/career,https://www.crislbd.com/page/career,auto,yes,Master source: BSEC — Credit Rating Agencies; Career URL discovered from homepage
Emerging Credit Rating Ltd,Credit Rating Agency,https://www.emergingrating.com,https://emergingrating.com/career/,https://emergingrating.com/career/,auto,yes,Master source: BSEC — Credit Rating Agencies; Career URL discovered from homepage
National Credit Ratings Ltd,Credit Rating Agency,https://www.ncrbd.com,https://www.ncrbd.com/career.php?nId=18&pId=18&nName=Career,https://www.ncrbd.com/career.php?nId=18&pId=18&nName=Career,auto,yes,Master source: BSEC — Credit Rating Agencies; Career URL discovered from homepage
The Bangladesh Rating Agency Limited,Credit Rating Agency,https://www.bdral.com,https://www.bdral.com/opportunity,https://www.bdral.com/opportunity,auto,yes,Master source: BSEC — Credit Rating Agencies; Career URL discovered from homepage
WASO Credit Rating Company (BD) Limited,Credit Rating Agency,https://www.wasocreditrating.com,https://crc.wasocreditrating.com/careers/,https://crc.wasocreditrating.com/careers/,auto,yes,Master source: BSEC — Credit Rating Agencies; Career URL discovered from homepage
Arab Bangladesh Bank Ltd.,Custodian,,,,auto,yes,Master source: BSEC — Custodians; Manual review: homepage missing; Manual review: homepage missing; Manual review: homepage missing; Manual review: homepage missing; Manual review: homepage missing; Manual review: homepage missing; Manual review: homepage missing; Manual review: homepage missing
Citi Bank N.A.,Custodian,https://www.citigroup.com,https://jobs.citi.com/,https://jobs.citi.com/,auto,yes,Master source: BSEC — Custodians; Career URL discovered from common path
Commercial Bank of Ceylon Ltd.,Custodian,https://www.combank.net,,https://www.combank.net,auto,yes,"Master source: BSEC — Custodians; Homepage check failed: ConnectionError: HTTPSConnectionPool(host='www.combank.net', port=443): Max retries exceeded with url: / (Caused by NameResolutionError(""HTTPSConnection(host='www.combank.net', port=443): Failed to resolve 'www.combank.net' ([Errno -2] Name or service not known)""))"
Dhaka Bank Ltd,Custodian,,,,auto,yes,Master source: BSEC — Custodians; Manual review: homepage missing; Manual review: homepage missing; Manual review: homepage missing; Manual review: homepage missing; Manual review: homepage missing; Manual review: homepage missing; Manual review: homepage missing; Manual review: homepage missing
Islami Bank Bangladesh Ltd.,Custodian,,,,auto,yes,Master source: BSEC — Custodians; Manual review: homepage missing; Manual review: homepage missing; Manual review: homepage missing; Manual review: homepage missing; Manual review: homepage missing; Manual review: homepage missing; Manual review: homepage missing; Manual review: homepage missing
Mercantile Bank Ltd.,Custodian,,,,auto,yes,Master source: BSEC — Custodians; Manual review: homepage missing; Manual review: homepage missing; Manual review: homepage missing; Manual review: homepage missing; Manual review: homepage missing; Manual review: homepage missing; Manual review: homepage missing; Manual review: homepage missing
Mutual Trust Bank Ltd.,Custodian,,,,auto,yes,Master source: BSEC — Custodians; Manual review: homepage missing; Manual review: homepage missing; Manual review: homepage missing; Manual review: homepage missing; Manual review: homepage missing; Manual review: homepage missing; Manual review: homepage missing; Manual review: homepage missing
NRB Commercial Bank Ltd.,Custodian,,,,auto,yes,Master source: BSEC — Custodians; Manual review: homepage missing; Manual review: homepage missing; Manual review: homepage missing; Manual review: homepage missing; Manual review: homepage missing; Manual review: homepage missing; Manual review: homepage missing; Manual review: homepage missing
One Bank Ltd.,Custodian,,,,auto,yes,Master source: BSEC — Custodians; Manual review: homepage missing; Manual review: homepage missing; Manual review: homepage missing; Manual review: homepage missing; Manual review: homepage missing; Manual review: homepage missing; Manual review: homepage missing; Manual review: homepage missing
Prime Bank Ltd.,Custodian,,,,auto,yes,Master source: BSEC — Custodians; Manual review: homepage missing; Manual review: homepage missing; Manual review: homepage missing; Manual review: homepage missing; Manual review: homepage missing; Manual review: homepage missing; Manual review: homepage missing; Manual review: homepage missing
Standard Chartered Bank,Custodian,https://www.sc.com/bd,https://www.sc.com/en/global-careers/experienced-hire/,https://www.sc.com/en/global-careers/experienced-hire/,auto,yes,Master source: BSEC — Custodians; Career URL discovered from homepage
The Hongkong & Shanghi Banking Corporation ltd,Custodian,,,,auto,yes,Master source: BSEC — Custodians; Manual review: homepage missing; Manual review: homepage missing; Manual review: homepage missing; Manual review: homepage missing; Manual review: homepage missing; Manual review: homepage missing; Manual review: homepage missing; Manual review: homepage missing
The Hongkong and Shanghai Banking Corporation (HSBC) Limited,Custodian,https://www.hsbc.com.bd,,https://www.hsbc.com.bd,auto,yes,Master source: BSEC — Custodians; No career page discovered; homepage will be monitored
United Commercial Bank PLC.,Custodian,,,,auto,yes,Master source: BSEC — Custodians; Manual review: homepage missing; Manual review: homepage missing; Manual review: homepage missing; Manual review: homepage missing; Manual review: homepage missing; Manual review: homepage missing; Manual review: homepage missing; Manual review: homepage missing
Agrani Bank Limited,Custodian | Trustee,,,,auto,yes,Master source: BSEC — Custodians; Master source: BSEC — Trustees; Manual review: homepage missing; Manual review: homepage missing; Manual review: homepage missing; Manual review: homepage missing; Manual review: homepage missing; Manual review: homepage missing; Manual review: homepage missing; Manual review: homepage missing
BRAC Bank Limited,Custodian | Trustee,https://www.bracbank.com,https://www.bracbank.com/en/career,https://www.bracbank.com/en/career,auto,yes,Master source: BSEC — Custodians; Master source: BSEC — Trustees; Career URL discovered from homepage
Investment Corporation of Bangladesh (ICB),Custodian | Trustee,https://www.icb.gov.bd,,https://www.icb.gov.bd,auto,yes,"Master source: BSEC — Custodians; Master source: BSEC — Trustees; Homepage check failed: ConnectTimeout: HTTPSConnectionPool(host='www.icb.gov.bd', port=443): Max retries exceeded with url: / (Caused by ConnectTimeoutError(<HTTPSConnection(host='www.icb.gov.bd', port=443) at 0x7fad9a540650>, 'Connection to www.icb.gov.bd timed out. (connect timeout=25)'))"
SENTINEL Trustee and Custodian Services Ltd.,Custodian | Trustee,,,,auto,yes,Master source: BSEC — Custodians; Master source: BSEC — Trustees; Manual review: homepage missing; Manual review: homepage missing; Manual review: homepage missing; Manual review: homepage missing; Manual review: homepage missing; Manual review: homepage missing; Manual review: homepage missing; Manual review: homepage missing
The City Bank Ltd,Custodian | Trustee,,,,auto,yes,Master source: BSEC — Custodians; Master source: BSEC — Trustees; Manual review: homepage missing; Manual review: homepage missing; Manual review: homepage missing; Manual review: homepage missing; Manual review: homepage missing; Manual review: homepage missing; Manual review: homepage missing; Manual review: homepage missing
Abdul Monem Equity Management Limited,Fund Manager,,,,auto,yes,Master source: BSEC — Fund Managers; Manual review: homepage missing; Manual review: homepage missing; Manual review: homepage missing; Manual review: homepage missing; Manual review: homepage missing; Manual review: homepage missing; Manual review: homepage missing; Manual review: homepage missing
Adot Curve Ventures Limited,Fund Manager,,,,auto,yes,Master source: BSEC — Fund Managers; Manual review: homepage missing; Manual review: homepage missing; Manual review: homepage missing; Manual review: homepage missing; Manual review: homepage missing; Manual review: homepage missing; Manual review: homepage missing; Manual review: homepage missing
Alternative IM of Steps Limited,Fund Manager,,,,auto,yes,Master source: BSEC — Fund Managers; Manual review: homepage missing; Manual review: homepage missing; Manual review: homepage missing; Manual review: homepage missing; Manual review: homepage missing; Manual review: homepage missing; Manual review: homepage missing; Manual review: homepage missing
Athena Venture And Equities Ltd.,Fund Manager,,,,auto,yes,Master source: BSEC — Fund Managers; Manual review: homepage missing; Manual review: homepage missing; Manual review: homepage missing; Manual review: homepage missing; Manual review: homepage missing; Manual review: homepage missing; Manual review: homepage missing; Manual review: homepage missing
Bangladesh Race Management Private Co. Limited.,Fund Manager,,,,auto,yes,Master source: BSEC — Fund Managers; Manual review: homepage missing; Manual review: homepage missing; Manual review: homepage missing; Manual review: homepage missing; Manual review: homepage missing; Manual review: homepage missing; Manual review: homepage missing; Manual review: homepage missing
Bangladesh Venture Capital Limited,Fund Manager,,,,auto,yes,Master source: BSEC — Fund Managers; Manual review: homepage missing; Manual review: homepage missing; Manual review: homepage missing; Manual review: homepage missing; Manual review: homepage missing; Manual review: homepage missing; Manual review: homepage missing; Manual review: homepage missing
BD Venture Limited,Fund Manager,,,,auto,yes,Master source: BSEC — Fund Managers; Manual review: homepage missing; Manual review: homepage missing; Manual review: homepage missing; Manual review: homepage missing; Manual review: homepage missing; Manual review: homepage missing; Manual review: homepage missing; Manual review: homepage missing
CAML Private Equity Limited,Fund Manager,,,,auto,yes,Master source: BSEC — Fund Managers; Manual review: homepage missing; Manual review: homepage missing; Manual review: homepage missing; Manual review: homepage missing; Manual review: homepage missing; Manual review: homepage missing; Manual review: homepage missing; Manual review: homepage missing
CWT Private Equity Limited,Fund Manager,,,,auto,yes,Master source: BSEC — Fund Managers; Manual review: homepage missing; Manual review: homepage missing; Manual review: homepage missing; Manual review: homepage missing; Manual review: homepage missing; Manual review: homepage missing; Manual review: homepage missing; Manual review: homepage missing
EDGE Ventures Limited,Fund Manager,,,,auto,yes,Master source: BSEC — Fund Managers; Manual review: homepage missing; Manual review: homepage missing; Manual review: homepage missing; Manual review: homepage missing; Manual review: homepage missing; Manual review: homepage missing; Manual review: homepage missing; Manual review: homepage missing
Meghna Fund Management Limited,Fund Manager,,,,auto,yes,Master source: BSEC — Fund Managers; Manual review: homepage missing; Manual review: homepage missing; Manual review: homepage missing; Manual review: homepage missing; Manual review: homepage missing; Manual review: homepage missing; Manual review: homepage missing; Manual review: homepage missing
SBK Tech Ventures Limited,Fund Manager,,,,auto,yes,Master source: BSEC — Fund Managers; Manual review: homepage missing; Manual review: homepage missing; Manual review: homepage missing; Manual review: homepage missing; Manual review: homepage missing; Manual review: homepage missing; Manual review: homepage missing; Manual review: homepage missing
Startup Bangladesh Limited,Fund Manager,,,,auto,yes,Master source: BSEC — Fund Managers; Manual review: homepage missing; Manual review: homepage missing; Manual review: homepage missing; Manual review: homepage missing; Manual review: homepage missing; Manual review: homepage missing; Manual review: homepage missing; Manual review: homepage missing
UFS Equity Partners Limited,Fund Manager,,,,auto,yes,Master source: BSEC — Fund Managers; Manual review: homepage missing; Manual review: homepage missing; Manual review: homepage missing; Manual review: homepage missing; Manual review: homepage missing; Manual review: homepage missing; Manual review: homepage missing; Manual review: homepage missing
Be Rich Limited,Market Maker,,,,auto,yes,Master source: BSEC — Market Makers; Manual review: homepage missing; Manual review: homepage missing; Manual review: homepage missing; Manual review: homepage missing; Manual review: homepage missing; Manual review: homepage missing; Manual review: homepage missing; Manual review: homepage missing
Green Delta Securities Limited,Market Maker,,,,auto,yes,Master source: BSEC — Market Makers; Manual review: homepage missing; Manual review: homepage missing; Manual review: homepage missing; Manual review: homepage missing; Manual review: homepage missing; Manual review: homepage missing; Manual review: homepage missing; Manual review: homepage missing
ICB Securities Trading Company Limited,Market Maker,,,,auto,yes,Master source: BSEC — Market Makers; Manual review: homepage missing; Manual review: homepage missing; Manual review: homepage missing; Manual review: homepage missing; Manual review: homepage missing; Manual review: homepage missing; Manual review: homepage missing; Manual review: homepage missing
AB Investment Ltd.,Merchant Bank,https://www.abbank.com.bd/investment-banking.html,,https://www.abbank.com.bd/investment-banking.html,auto,yes,Master source: BSEC — Merchant Bankers; Homepage check failed: HTTP 404
Abaci Investments Limited,Merchant Bank,,,,auto,yes,Master source: BSEC — Merchant Bankers; Manual review: homepage missing; Manual review: homepage missing; Manual review: homepage missing; Manual review: homepage missing; Manual review: homepage missing; Manual review: homepage missing; Manual review: homepage missing; Manual review: homepage missing
Agrani Equity and Investment Ltd.,Merchant Bank,https://www.agraniequty.com,,https://www.agraniequty.com,auto,yes,"Master source: BSEC — Merchant Bankers; Homepage check failed: ConnectionError: HTTPSConnectionPool(host='www.agraniequty.com', port=443): Max retries exceeded with url: / (Caused by NameResolutionError(""HTTPSConnection(host='www.agraniequty.com', port=443): Failed to resolve 'www.agraniequty.com' ([Errno -2] Name or service not known)""))"
AIBL Capital Management Ltd.,Merchant Bank,,,,auto,yes,Master source: BSEC — Merchant Bankers; Manual review: homepage missing; Manual review: homepage missing; Manual review: homepage missing; Manual review: homepage missing; Manual review: homepage missing; Manual review: homepage missing; Manual review: homepage missing; Manual review: homepage missing
Alliance Financial Services Ltd.,Merchant Bank,https://www.allfin.org,,https://www.allfin.org,auto,yes,Master source: BSEC — Merchant Bankers; Homepage check failed: Blocked by robots.txt: https://www.allfin.org/robots.txt
Alpha Capital Management Ltd.,Merchant Bank,https://www.alphacml.com,,https://www.alphacml.com,auto,yes,"Master source: BSEC — Merchant Bankers; Homepage check failed: ConnectionError: HTTPSConnectionPool(host='www.alphacml.com', port=443): Max retries exceeded with url: / (Caused by NameResolutionError(""HTTPSConnection(host='www.alphacml.com', port=443): Failed to resolve 'www.alphacml.com' ([Errno -2] Name or service not known)""))"
Bangal Investment Ltd.,Merchant Bank,http://www.bengal-investments.com,,http://www.bengal-investments.com,auto,yes,"Master source: BSEC — Merchant Bankers; Homepage check failed: ConnectionError: HTTPConnectionPool(host='www.bengal-investments.com', port=80): Max retries exceeded with url: / (Caused by NameResolutionError(""HTTPConnection(host='www.bengal-investments.com', port=80): Failed to resolve 'www.bengal-investments.com' ([Errno -2] Name or service not known)""))"
BD Finance Capital Holdings Ltd.,Merchant Bank,https://www.bdcapital.com.bd,,https://www.bdcapital.com.bd,auto,yes,"Master source: BSEC — Merchant Bankers; Homepage check failed: SSLError: HTTPSConnectionPool(host='bfcl.bd.finance', port=443): Max retries exceeded with url: / (Caused by SSLError(SSLCertVerificationError(1, '[SSL: CERTIFICATE_VERIFY_FAILED] certificate verify failed: unable to get local issuer certificate (_ssl.c:1010)')))"
BLI Capital Ltd.,Merchant Bank,https://www.blilbd.com,https://www.blilbd.com/page/career,https://www.blilbd.com/page/career,auto,yes,Master source: BSEC — Merchant Bankers; Career URL discovered from homepage
BMSL Investment Ltd.,Merchant Bank,https://www.bmslinvestment.com,,https://www.bmslinvestment.com,auto,yes,Master source: BSEC — Merchant Bankers; Homepage check failed: Blocked by robots.txt: https://www.bmslinvestment.com/robots.txt
BRAC EPL Investment Ltd,Merchant Bank,https://www.bracepl.com,,https://www.bracepl.com,auto,yes,Master source: BSEC — Merchant Bankers; No career page discovered; homepage will be monitored
CAL Investments Limited,Merchant Bank,,,,auto,yes,Master source: BSEC — Merchant Bankers; Manual review: homepage missing; Manual review: homepage missing; Manual review: homepage missing; Manual review: homepage missing; Manual review: homepage missing; Manual review: homepage missing; Manual review: homepage missing; Manual review: homepage missing
CAPM Advisory Ltd.,Merchant Bank,https://www.capmadvisorybd.com,,https://www.capmadvisorybd.com,auto,yes,Master source: BSEC — Merchant Bankers; Homepage check failed: Blocked by robots.txt: https://www.capmadvisorybd.com/robots.txt
CBC Capital & Equity Management Limited,Merchant Bank,,,,auto,yes,Master source: BSEC — Merchant Bankers; Manual review: homepage missing; Manual review: homepage missing; Manual review: homepage missing; Manual review: homepage missing; Manual review: homepage missing; Manual review: homepage missing; Manual review: homepage missing; Manual review: homepage missing
Citizen Securities & Investment Ltd.,Merchant Bank,https://www.citizensecurities.com,,https://www.citizensecurities.com,auto,yes,Master source: BSEC — Merchant Bankers; No career page discovered; homepage will be monitored
City Bank Capital Resources Ltd.,Merchant Bank,,,,auto,yes,Master source: BSEC — Merchant Bankers; Manual review: homepage missing; Manual review: homepage missing; Manual review: homepage missing; Manual review: homepage missing; Manual review: homepage missing; Manual review: homepage missing; Manual review: homepage missing; Manual review: homepage missing
Dhaka Bank Investment Limited,Merchant Bank,,,,auto,yes,Master source: BSEC — Merchant Bankers; Manual review: homepage missing; Manual review: homepage missing; Manual review: homepage missing; Manual review: homepage missing; Manual review: homepage missing; Manual review: homepage missing; Manual review: homepage missing; Manual review: homepage missing
Exim Islami Investment Ltd.,Merchant Bank,,,,auto,yes,Master source: BSEC — Merchant Bankers; Manual review: homepage missing; Manual review: homepage missing; Manual review: homepage missing; Manual review: homepage missing; Manual review: homepage missing; Manual review: homepage missing; Manual review: homepage missing; Manual review: homepage missing
Grameen Capital Management Ltd.,Merchant Bank,https://www.grameencapitalbd.org,,https://www.grameencapitalbd.org,auto,yes,"Master source: BSEC — Merchant Bankers; Homepage check failed: ConnectionError: HTTPSConnectionPool(host='www.grameencapitalbd.org', port=443): Max retries exceeded with url: / (Caused by NameResolutionError(""HTTPSConnection(host='www.grameencapitalbd.org', port=443): Failed to resolve 'www.grameencapitalbd.org' ([Errno -2] Name or service not known)""))"
GSP Investment Limited,Merchant Bank,https://www.gspfinance.com,https://www.gspfinance.com/careers,https://www.gspfinance.com/careers,auto,yes,Master source: BSEC — Merchant Bankers; Career URL discovered from homepage
Hal Capital Limited,Merchant Bank,https://www.scmlbd.com,,https://www.scmlbd.com,auto,yes,"Master source: BSEC — Merchant Bankers; Homepage check failed: ConnectionError: HTTPSConnectionPool(host='www.scmlbd.com', port=443): Max retries exceeded with url: / (Caused by NameResolutionError(""HTTPSConnection(host='www.scmlbd.com', port=443): Failed to resolve 'www.scmlbd.com' ([Errno -2] Name or service not known)""))"
IFIC Investment Ltd.,Merchant Bank,,,,auto,yes,Master source: BSEC — Merchant Bankers; Manual review: homepage missing; Manual review: homepage missing; Manual review: homepage missing; Manual review: homepage missing; Manual review: homepage missing; Manual review: homepage missing; Manual review: homepage missing; Manual review: homepage missing
IIDFC Capital Ltd.,Merchant Bank,https://www.iidfc.com/iidfc-capital-limited,,https://www.iidfc.com/iidfc-capital-limited,auto,yes,Master source: BSEC — Merchant Bankers; Homepage check failed: HTTP 404
IL Capital Ltd.,Merchant Bank,https://www.il-capital.com,,https://www.il-capital.com,auto,yes,Master source: BSEC — Merchant Bankers; Homepage check failed: Blocked by robots.txt: https://www.il-capital.com/robots.txt
Imperial Capital Ltd.,Merchant Bank,https://www.imperialcapital.org,,https://www.imperialcapital.org,auto,yes,"Master source: BSEC — Merchant Bankers; Homepage check failed: ConnectionError: HTTPSConnectionPool(host='www.imperialcapital.org', port=443): Max retries exceeded with url: / (Caused by NameResolutionError(""HTTPSConnection(host='www.imperialcapital.org', port=443): Failed to resolve 'www.imperialcapital.org' ([Errno -3] Temporary failure in name resolution)""))"
Islami Bank Capital Management Limited,Merchant Bank,,,,auto,yes,Master source: BSEC — Merchant Bankers; Manual review: homepage missing; Manual review: homepage missing; Manual review: homepage missing; Manual review: homepage missing; Manual review: homepage missing; Manual review: homepage missing; Manual review: homepage missing; Manual review: homepage missing
Jamuna Bank Capital Management Ltd.,Merchant Bank,https://www.jamunabankbd.com,https://jamunabankbd.com/careers/,https://jamunabankbd.com/careers/,auto,yes,Master source: BSEC — Merchant Bankers; Career URL discovered from homepage
Janata Capital and Investment Ltd.,Merchant Bank,https://www.jcil-bd.com,,https://www.jcil-bd.com,auto,yes,"Master source: BSEC — Merchant Bankers; Homepage check failed: ConnectionError: HTTPSConnectionPool(host='www.jcil-bd.com', port=443): Max retries exceeded with url: / (Caused by NameResolutionError(""HTTPSConnection(host='www.jcil-bd.com', port=443): Failed to resolve 'www.jcil-bd.com' ([Errno -2] Name or service not known)""))"
LankaBangla Investments PLC.,Merchant Bank,https://www.lankabangla-investments.com,,https://www.lankabangla-investments.com,auto,yes,Master source: BSEC — Merchant Bankers; No career page discovered; homepage will be monitored
Meghna Capital Management Ltd.,Merchant Bank,,,,auto,yes,Master source: BSEC — Merchant Bankers; Manual review: homepage missing; Manual review: homepage missing; Manual review: homepage missing; Manual review: homepage missing; Manual review: homepage missing; Manual review: homepage missing; Manual review: homepage missing; Manual review: homepage missing
MIDAS Investment Limited,Merchant Bank,,,,auto,yes,Master source: BSEC — Merchant Bankers; Manual review: homepage missing; Manual review: homepage missing; Manual review: homepage missing; Manual review: homepage missing; Manual review: homepage missing; Manual review: homepage missing; Manual review: homepage missing; Manual review: homepage missing
NBL Capital and Equity Management Ltd.,Merchant Bank,,,,auto,yes,Master source: BSEC — Merchant Bankers; Manual review: homepage missing; Manual review: homepage missing; Manual review: homepage missing; Manual review: homepage missing; Manual review: homepage missing; Manual review: homepage missing; Manual review: homepage missing; Manual review: homepage missing
NDB Capital Ltd.,Merchant Bank,https://www.ndbcapital.com,,https://www.ndbcapital.com,auto,yes,"Master source: BSEC — Merchant Bankers; Homepage check failed: ConnectionError: ('Connection aborted.', ConnectionResetError(104, 'Connection reset by peer'))"
North Star Investments(BD) Limited,Merchant Bank,https://www.at-capital.com,https://www.at-capital.com/home/careers,https://www.at-capital.com/home/careers,auto,yes,Master source: BSEC — Merchant Bankers; Career URL discovered from homepage
NRB Equity Management Limited,Merchant Bank,,,,auto,yes,Master source: BSEC — Merchant Bankers; Manual review: homepage missing; Manual review: homepage missing; Manual review: homepage missing; Manual review: homepage missing; Manual review: homepage missing; Manual review: homepage missing; Manual review: homepage missing; Manual review: homepage missing
PLFS Investments Ltd.,Merchant Bank,,,,auto,yes,Master source: BSEC — Merchant Bankers; Manual review: homepage missing; Manual review: homepage missing; Manual review: homepage missing; Manual review: homepage missing; Manual review: homepage missing; Manual review: homepage missing; Manual review: homepage missing; Manual review: homepage missing
Prime Finance Capital Management Ltd.,Merchant Bank,https://www.primefincap.com,http://www.primefincap.com/website/frmCareer.php,http://www.primefincap.com/website/frmCareer.php,auto,yes,Master source: BSEC — Merchant Bankers; Career URL discovered from homepage
Race Portfolio & Issue Management Ltd.,Merchant Bank,,,,auto,yes,Master source: BSEC — Merchant Bankers; Manual review: homepage missing; Manual review: homepage missing; Manual review: homepage missing; Manual review: homepage missing; Manual review: homepage missing; Manual review: homepage missing; Manual review: homepage missing; Manual review: homepage missing
Riverstone Capital Limited,Merchant Bank,,,,auto,yes,Master source: BSEC — Merchant Bankers; Manual review: homepage missing; Manual review: homepage missing; Manual review: homepage missing; Manual review: homepage missing; Manual review: homepage missing; Manual review: homepage missing; Manual review: homepage missing; Manual review: homepage missing
Roots Investment Limited,Merchant Bank,https://www.rgcml.com,,https://www.rgcml.com,auto,yes,"Master source: BSEC — Merchant Bankers; Homepage check failed: ConnectionError: HTTPSConnectionPool(host='www.rgcml.com', port=443): Max retries exceeded with url: / (Caused by NameResolutionError(""HTTPSConnection(host='www.rgcml.com', port=443): Failed to resolve 'www.rgcml.com' ([Errno -2] Name or service not known)""))"
Rupali Investment Ltd.,Merchant Bank,https://www.riltd.org,,https://www.riltd.org,auto,yes,Master source: BSEC — Merchant Bankers; Homepage check failed: Blocked by robots.txt: https://www.riltd.org/robots.txt
Sandhani Life Finance Ltd.,Merchant Bank,https://www.slflbd.com,https://www.slflbd.com/career,https://www.slflbd.com/career,auto,yes,Master source: BSEC — Merchant Bankers; Career URL discovered from homepage
SBL Capital Management Ltd.,Merchant Bank,,,,auto,yes,Master source: BSEC — Merchant Bankers; Manual review: homepage missing; Manual review: homepage missing; Manual review: homepage missing; Manual review: homepage missing; Manual review: homepage missing; Manual review: homepage missing; Manual review: homepage missing; Manual review: homepage missing
Shahjalal Equity Management Limited,Merchant Bank,,,,auto,yes,Master source: BSEC — Merchant Bankers; Manual review: homepage missing; Manual review: homepage missing; Manual review: homepage missing; Manual review: homepage missing; Manual review: homepage missing; Manual review: homepage missing; Manual review: homepage missing; Manual review: homepage missing
Shanta Equity Limited,Merchant Bank,,,,auto,yes,Master source: BSEC — Merchant Bankers; Manual review: homepage missing; Manual review: homepage missing; Manual review: homepage missing; Manual review: homepage missing; Manual review: homepage missing; Manual review: homepage missing; Manual review: homepage missing; Manual review: homepage missing
SIM Capital Ltd.,Merchant Bank,,,,auto,yes,Master source: BSEC — Merchant Bankers; Manual review: homepage missing; Manual review: homepage missing; Manual review: homepage missing; Manual review: homepage missing; Manual review: homepage missing; Manual review: homepage missing; Manual review: homepage missing; Manual review: homepage missing
Sonali Investment Ltd.,Merchant Bank,,,,auto,yes,Master source: BSEC — Merchant Bankers; Manual review: homepage missing; Manual review: homepage missing; Manual review: homepage missing; Manual review: homepage missing; Manual review: homepage missing; Manual review: homepage missing; Manual review: homepage missing; Manual review: homepage missing
Sonar Bangla Capital Management Ltd.,Merchant Bank,,,,auto,yes,Master source: BSEC — Merchant Bankers; Manual review: homepage missing; Manual review: homepage missing; Manual review: homepage missing; Manual review: homepage missing; Manual review: homepage missing; Manual review: homepage missing; Manual review: homepage missing; Manual review: homepage missing
Southeast Bank Capital Services Ltd.,Merchant Bank,https://www.southeastbank.com.bd/sebcindex.php,,https://www.southeastbank.com.bd/sebcindex.php,auto,yes,Master source: BSEC — Merchant Bankers; Homepage check failed: HTTP 404
Strategic Finance Limited,Merchant Bank,,,,auto,yes,Master source: BSEC — Merchant Bankers; Manual review: homepage missing; Manual review: homepage missing; Manual review: homepage missing; Manual review: homepage missing; Manual review: homepage missing; Manual review: homepage missing; Manual review: homepage missing; Manual review: homepage missing
Swadesh Investment Management Ltd.,Merchant Bank,https://www.swadesh.com.bd,,https://www.swadesh.com.bd,auto,yes,"Master source: BSEC — Merchant Bankers; Homepage check failed: ConnectionError: HTTPSConnectionPool(host='www.swadesh.com.bd', port=443): Max retries exceeded with url: / (Caused by NameResolutionError(""HTTPSConnection(host='www.swadesh.com.bd', port=443): Failed to resolve 'www.swadesh.com.bd' ([Errno -2] Name or service not known)""))"
Trust Bank Investment Ltd.,Merchant Bank,,,,auto,yes,Master source: BSEC — Merchant Bankers; Manual review: homepage missing; Manual review: homepage missing; Manual review: homepage missing; Manual review: homepage missing; Manual review: homepage missing; Manual review: homepage missing; Manual review: homepage missing; Manual review: homepage missing
UniCap Investments Ltd.,Merchant Bank,https://www.unicap-bd.com,https://www.unicap-bd.com/career/,https://www.unicap-bd.com/career/,auto,yes,Master source: BSEC — Merchant Bankers; Career URL discovered from homepage
Uttara Finance Capital Management Limited,Merchant Bank,,,,auto,yes,Master source: BSEC — Merchant Bankers; Manual review: homepage missing; Manual review: homepage missing; Manual review: homepage missing; Manual review: homepage missing; Manual review: homepage missing; Manual review: homepage missing; Manual review: homepage missing; Manual review: homepage missing
ICB Capital Management Limited,Merchant Bank | Custodian | Trustee,https://www.icbcml.com.bd,,https://www.icbcml.com.bd,auto,yes,"Master source: BSEC — Merchant Bankers; Master source: BSEC — Custodians; Master source: BSEC — Trustees; Homepage check failed: ConnectionError: HTTPSConnectionPool(host='www.icbcml.com.bd', port=443): Max retries exceeded with url: / (Caused by NameResolutionError(""HTTPSConnection(host='www.icbcml.com.bd', port=443): Failed to resolve 'www.icbcml.com.bd' ([Errno -2] Name or service not known)""))"
AAA Finance & Investment Limited,Merchant Bank | Trustee,https://www.aaawebbd.com,,https://www.aaawebbd.com,auto,yes,"Master source: BSEC — Merchant Bankers; Master source: BSEC — Trustees; Homepage check failed: ConnectionError: HTTPSConnectionPool(host='www.aaawebbd.com', port=443): Max retries exceeded with url: / (Caused by NameResolutionError(""HTTPSConnection(host='www.aaawebbd.com', port=443): Failed to resolve 'www.aaawebbd.com' ([Errno -2] Name or service not known)""))"
Community Bank Investment Limited,Merchant Bank | Trustee,,,,auto,yes,Master source: BSEC — Merchant Bankers; Master source: BSEC — Trustees; Manual review: homepage missing; Manual review: homepage missing; Manual review: homepage missing; Manual review: homepage missing; Manual review: homepage missing; Manual review: homepage missing; Manual review: homepage missing; Manual review: homepage missing
EBL Investments Ltd.,Merchant Bank | Trustee,,,,auto,yes,Master source: BSEC — Merchant Bankers; Master source: BSEC — Trustees; Manual review: homepage missing; Manual review: homepage missing; Manual review: homepage missing; Manual review: homepage missing; Manual review: homepage missing; Manual review: homepage missing; Manual review: homepage missing; Manual review: homepage missing
EC Securities Limited,Merchant Bank | Trustee,,,,auto,yes,Master source: BSEC — Merchant Bankers; Master source: BSEC — Trustees; Manual review: homepage missing; Manual review: homepage missing; Manual review: homepage missing; Manual review: homepage missing; Manual review: homepage missing; Manual review: homepage missing; Manual review: homepage missing; Manual review: homepage missing
FAS Capital Management Limited,Merchant Bank | Trustee,https://www.fasbd.com,https://www.fasbd.com/career.html,https://www.fasbd.com/career.html,auto,yes,Master source: BSEC — Merchant Bankers; Master source: BSEC — Trustees; Career URL discovered from homepage
First Security Islami Capital & Investment Limited,Merchant Bank | Trustee,https://www.fsicibd.com,,https://www.fsicibd.com,auto,yes,Master source: BSEC — Merchant Bankers; Master source: BSEC — Trustees; No career page discovered; homepage will be monitored
Green Delta Capital Limited,Merchant Bank | Trustee,https://www.greendeltacapital.com,https://greendeltacapital.com/career/,https://greendeltacapital.com/career/,auto,yes,Master source: BSEC — Merchant Bankers; Master source: BSEC — Trustees; Career URL discovered from homepage
IDLC Investments Limited,Merchant Bank | Trustee,https://www.idlc.com,https://apps.idlc.com/career,https://apps.idlc.com/career,auto,yes,Master source: BSEC — Merchant Bankers; Master source: BSEC — Trustees; Career URL discovered from common path
MTB Capital Limited,Merchant Bank | Trustee,https://www.mtbcap.com,https://www.mtbcap.com/about_career.php,https://www.mtbcap.com/about_career.php,auto,yes,Master source: BSEC — Merchant Bankers; Master source: BSEC — Trustees; Career URL discovered from homepage
Prime Bank Investment Limited,Merchant Bank | Trustee,https://www.pbil.com.bd,https://pbil.com.bd/careers/,https://pbil.com.bd/careers/,auto,yes,Master source: BSEC — Merchant Bankers; Master source: BSEC — Trustees; Career URL discovered from homepage
UCB Investment Limited,Merchant Bank | Trustee,,,,auto,yes,Master source: BSEC — Merchant Bankers; Master source: BSEC — Trustees; Manual review: homepage missing; Manual review: homepage missing; Manual review: homepage missing; Manual review: homepage missing; Manual review: homepage missing; Manual review: homepage missing; Manual review: homepage missing; Manual review: homepage missing
Agrani SME Financing Company Limited,NBFI,http://www.agranisme.gov.bd,http://www.agranisme.gov.bd/noticeb/12,http://www.agranisme.gov.bd/noticeb/12,auto,yes,Master source: Bangladesh Bank — Finance Companies; Career URL discovered from homepage
Alliance Finance PLC.,NBFI,https://www.lankanalliance.com,,https://www.lankanalliance.com,auto,yes,Master source: Bangladesh Bank — Finance Companies; No career page discovered; homepage will be monitored
Aviva Finance Limited,NBFI,http://www.avivabd.com,,http://www.avivabd.com,auto,yes,Master source: Bangladesh Bank — Finance Companies; No career page discovered; homepage will be monitored
Bangladesh Finance Limited,NBFI,http://www.bd.finance,,http://www.bd.finance,auto,yes,"Master source: Bangladesh Bank — Finance Companies; Homepage check failed: ConnectionError: HTTPConnectionPool(host='www.bd.finance', port=80): Max retries exceeded with url: / (Caused by NameResolutionError(""HTTPConnection(host='www.bd.finance', port=80): Failed to resolve 'www.bd.finance' ([Errno -2] Name or service not known)""))"
Bangladesh Industrial Finance Company Limited (BIFC),NBFI,http://www.bifcol.com,,http://www.bifcol.com,auto,yes,Master source: Bangladesh Bank — Finance Companies; No career page discovered; homepage will be monitored
Bangladesh Infrastructure Finance Fund Limited,NBFI,http://www.biffl.org.bd/,https://www.biffl.org.bd/careers,https://www.biffl.org.bd/careers,auto,yes,Master source: Bangladesh Bank — Finance Companies; Career URL discovered from homepage
Banknotes and Coins,NBFI,https://www.bb.org.bd/en/index.php/currency/index,https://www.bb.org.bd/en/index.php,https://www.bb.org.bd/en/index.php,auto,yes,Master source: Bangladesh Bank — Finance Companies; Career URL discovered from common path
Banks,NBFI,https://www.bb.org.bd/en/index.php/links/links/9,https://www.bb.org.bd/en/index.php,https://www.bb.org.bd/en/index.php,auto,yes,Master source: Bangladesh Bank — Finance Companies; Career URL discovered from common path
Banks & FCs,NBFI,https://www.bb.org.bd/en/index.php/financialactivity/bankfi,https://www.bb.org.bd/en/index.php,https://www.bb.org.bd/en/index.php,auto,yes,Master source: Bangladesh Bank — Finance Companies; Career URL discovered from common path
Bay Leasing & Investment Limited,NBFI,http://www.blilbd.com,https://www.blilbd.com/page/career,https://www.blilbd.com/page/career,auto,yes,Master source: Bangladesh Bank — Finance Companies; Career URL discovered from homepage
BBTA Journal: Thoughts on Banking and Finance,NBFI,https://www.bb.org.bd/bbta_portal/index.php/bbta/bbtajournal,https://www.bb.org.bd/en/index.php,https://www.bb.org.bd/en/index.php,auto,yes,Master source: Bangladesh Bank — Finance Companies; Career URL discovered from common path
BD Govt Investment Sukuk (BGIS),NBFI,https://www.bb.org.bd/en/index.php/monetaryactivity/bgis_home,https://www.bb.org.bd/en/index.php,https://www.bb.org.bd/en/index.php,auto,yes,Master source: Bangladesh Bank — Finance Companies; Career URL discovered from common path
Central Banks,NBFI,http://www.bis.org,https://www.bis.org/careers/index.htm,https://www.bis.org/careers/index.htm,auto,yes,Master source: Bangladesh Bank — Finance Companies; Career URL discovered from homepage
Credit Rating Agency,NBFI,https://www.bb.org.bd/en/index.php/links/ecai_links/8,https://www.bb.org.bd/en/index.php,https://www.bb.org.bd/en/index.php,auto,yes,Master source: Bangladesh Bank — Finance Companies; Career URL discovered from common path
Credit Rating Of Banks,NBFI,https://www.bb.org.bd/en/index.php/financialactivity/credit_rating_of_banks,https://www.bb.org.bd/en/index.php,https://www.bb.org.bd/en/index.php,auto,yes,Master source: Bangladesh Bank — Finance Companies; Career URL discovered from common path
CVC Finance PLC.,NBFI,http://www.cvcflbd.com,,http://www.cvcflbd.com,auto,yes,Master source: Bangladesh Bank — Finance Companies; Homepage check failed: Blocked by robots.txt: http://www.cvcflbd.com/robots.txt
FAQ on Government Securities Market,NBFI,https://www.bb.org.bd/en/index.php/financialactivity/govsecmrkt_faq,https://www.bb.org.bd/en/index.php,https://www.bb.org.bd/en/index.php,auto,yes,Master source: Bangladesh Bank — Finance Companies; Career URL discovered from common path
Fareast Finance & Investment Limited,NBFI,http://www.ffilbd.com,,http://www.ffilbd.com,auto,yes,Master source: Bangladesh Bank — Finance Companies; Homepage check failed: Blocked by robots.txt: http://www.ffilbd.com/robots.txt
FAS Finance & Investment Limited,NBFI,http://www.fasbd.com,https://www.fasbd.com/career.html,https://www.fasbd.com/career.html,auto,yes,Master source: Bangladesh Bank — Finance Companies; Career URL discovered from homepage
Finance Companies,NBFI,https://www.bb.org.bd/en/index.php/links/links/2,https://www.bb.org.bd/en/index.php,https://www.bb.org.bd/en/index.php,auto,yes,Master source: Bangladesh Bank — Finance Companies; Career URL discovered from common path
First Finance Limited,NBFI,http://www.first-finance.com.bd,https://www.first-finance.com.bd/career/,https://www.first-finance.com.bd/career/,auto,yes,Master source: Bangladesh Bank — Finance Companies; Career URL discovered from homepage
Foreign Investment and Financing Portal,NBFI,https://www.bb.org.bd/en/index.php/links/feidportal/index.php,,https://www.bb.org.bd/en/index.php/links/feidportal/index.php,auto,yes,Master source: Bangladesh Bank — Finance Companies; Homepage check failed: HTTP 404
G-Sec Investment Process,NBFI,https://www.bb.org.bd/en/index.php/monetaryactivity/gsecinvprcs,https://www.bb.org.bd/en/index.php,https://www.bb.org.bd/en/index.php,auto,yes,Master source: Bangladesh Bank — Finance Companies; Career URL discovered from common path
Government Securities Market,NBFI,https://www.bb.org.bd/en/index.php/financialactivity/govsecmrkt/index,https://www.bb.org.bd/en/index.php,https://www.bb.org.bd/en/index.php,auto,yes,Master source: Bangladesh Bank — Finance Companies; Career URL discovered from common path
GSP Finance Company (Bangladesh) Limited (GSPB),NBFI,http://www.gspfinance.com,https://www.gspfinance.com/careers,https://www.gspfinance.com/careers,auto,yes,Master source: Bangladesh Bank — Finance Companies; Career URL discovered from homepage
Hajj Finance Company Limited,NBFI,http://www.hajjfinance.net,,http://www.hajjfinance.net,auto,yes,"Master source: Bangladesh Bank — Finance Companies; Homepage check failed: ConnectionError: ('Connection aborted.', ConnectionResetError(104, 'Connection reset by peer'))"
http://phoenixfinance.com.bd,NBFI,http://phoenixfinance.com.bd,http://phoenixfinance.com.bd/career,http://phoenixfinance.com.bd/career,auto,yes,Master source: Bangladesh Bank — Finance Companies; Career URL discovered from homepage
http://www.bd.finance,NBFI,http://www.bd.finance,,http://www.bd.finance,auto,yes,"Master source: Bangladesh Bank — Finance Companies; Homepage check failed: ConnectionError: HTTPConnectionPool(host='www.bd.finance', port=80): Max retries exceeded with url: / (Caused by NameResolutionError(""HTTPConnection(host='www.bd.finance', port=80): Failed to resolve 'www.bd.finance' ([Errno -2] Name or service not known)""))"
http://www.first-finance.com.bd,NBFI,http://www.first-finance.com.bd,https://www.first-finance.com.bd/career/,https://www.first-finance.com.bd/career/,auto,yes,Master source: Bangladesh Bank — Finance Companies; Career URL discovered from homepage
http://www.gspfinance.com,NBFI,http://www.gspfinance.com,https://www.gspfinance.com/careers,https://www.gspfinance.com/careers,auto,yes,Master source: Bangladesh Bank — Finance Companies; Career URL discovered from homepage
http://www.hajjfinance.net,NBFI,http://www.hajjfinance.net,,http://www.hajjfinance.net,auto,yes,"Master source: Bangladesh Bank — Finance Companies; Homepage check failed: ConnectionError: ('Connection aborted.', ConnectionResetError(104, 'Connection reset by peer'))"
http://www.meridianfinancebd.com,NBFI,http://www.meridianfinancebd.com,https://www.meridianfinancebd.com/career,https://www.meridianfinancebd.com/career,auto,yes,Master source: Bangladesh Bank — Finance Companies; Career URL discovered from homepage
http://www.primefinancebd.com,NBFI,http://www.primefinancebd.com,,http://www.primefinancebd.com,auto,yes,Master source: Bangladesh Bank — Finance Companies; No career page discovered; homepage will be monitored
http://www.uttarafinance.biz,NBFI,http://www.uttarafinance.biz,,http://www.uttarafinance.biz,auto,yes,Master source: Bangladesh Bank — Finance Companies; No career page discovered; homepage will be monitored
IIDFC PLC.,NBFI,http://www.iidfc.com,https://www.iidfc.com/others/career,https://www.iidfc.com/others/career,auto,yes,Master source: Bangladesh Bank — Finance Companies; Career URL discovered from homepage
Infrastructure Development Company Limited (IDCOL),NBFI,http://www.idcol.org,https://idcol.org/home/vacancies,https://idcol.org/home/vacancies,auto,yes,Master source: Bangladesh Bank — Finance Companies; Career URL discovered from homepage
Inter Bank Money Market,NBFI,https://www.bb.org.bd/en/index.php/financialactivity/interbank_moneymarket,https://www.bb.org.bd/en/index.php,https://www.bb.org.bd/en/index.php,auto,yes,Master source: Bangladesh Bank — Finance Companies; Career URL discovered from common path
Interbank FX Market,NBFI,https://www.bb.org.bd/en/index.php/fxmarket/interbank_fxmarket,https://www.bb.org.bd/en/index.php,https://www.bb.org.bd/en/index.php,auto,yes,Master source: Bangladesh Bank — Finance Companies; Career URL discovered from common path
International Leasing and Financial Services Limited,NBFI,http://www.ilfsl.com,,http://www.ilfsl.com,auto,yes,Master source: Bangladesh Bank — Finance Companies; Homepage check failed: HTTP 404
Islamic Finance and Investment Limited,NBFI,http://www.ifilbd.com,http://www.ifilbd.com/careers,http://www.ifilbd.com/careers,auto,yes,Master source: Bangladesh Bank — Finance Companies; Career URL discovered from homepage
LankaBangla Finance PLC.,NBFI,https://www.lankabangla.com,,https://www.lankabangla.com,auto,yes,Starter row; Master source: Bangladesh Bank — Finance Companies; Homepage check failed: Blocked by robots.txt: https://www.lankabangla.com/robots.txt
Meridian Finance and Investment Ltd.,NBFI,http://www.meridianfinancebd.com,https://www.meridianfinancebd.com/career,https://www.meridianfinancebd.com/career,auto,yes,Master source: Bangladesh Bank — Finance Companies; Career URL discovered from homepage
Micro Finance Institutions,NBFI,https://www.bb.org.bd/en/index.php/links/links/3,https://www.bb.org.bd/en/index.php,https://www.bb.org.bd/en/index.php,auto,yes,Master source: Bangladesh Bank — Finance Companies; Career URL discovered from common path
MIDAS Financing PLC.,NBFI,http://www.mfl.com.bd,,http://www.mfl.com.bd,auto,yes,Master source: Bangladesh Bank — Finance Companies; Homepage check failed: Blocked by robots.txt: http://www.mfl.com.bd/robots.txt
National Finance PLC,NBFI,http://www.nfl.com.bd,http://www.nfl.com.bd/home/career,http://www.nfl.com.bd/home/career,auto,yes,Master source: Bangladesh Bank — Finance Companies; Career URL discovered from homepage
National Housing Finance PLC.,NBFI,http://www.nationalhousingbd.com/,https://www.nationalhousingbd.com/vacancy-announcement,https://www.nationalhousingbd.com/vacancy-announcement,auto,yes,Master source: Bangladesh Bank — Finance Companies; Career URL discovered from homepage
People's Leasing and Financial Services Ltd,NBFI,http://www.plfsbd.com,https://www.plfsbd.com/home/career,https://www.plfsbd.com/home/career,auto,yes,Master source: Bangladesh Bank — Finance Companies; Career URL discovered from homepage
Phoenix Finance and Investments Limited,NBFI,http://phoenixfinance.com.bd,http://phoenixfinance.com.bd/career,http://phoenixfinance.com.bd/career,auto,yes,Master source: Bangladesh Bank — Finance Companies; Career URL discovered from homepage
Premier Leasing & Finance Limited,NBFI,http://www.premierleasing.com.bd,,http://www.premierleasing.com.bd,auto,yes,"Master source: Bangladesh Bank — Finance Companies; Homepage check failed: ConnectionError: ('Connection aborted.', ConnectionResetError(104, 'Connection reset by peer'))"
Prime Finance & Investment Ltd,NBFI,http://www.primefinancebd.com,,http://www.primefinancebd.com,auto,yes,Master source: Bangladesh Bank — Finance Companies; No career page discovered; homepage will be monitored
SAARCFINANCE,NBFI,https://www.bb.org.bd/en/index.php/saarcfinance/saarcfinance,https://www.bb.org.bd/en/index.php,https://www.bb.org.bd/en/index.php,auto,yes,Master source: Bangladesh Bank — Finance Companies; Career URL discovered from common path
Saudi-Bangladesh Industrial & Agricultural Investment Company Limited (SABINCO),NBFI,http://www.sabinco.com.bd,,http://www.sabinco.com.bd,auto,yes,Master source: Bangladesh Bank — Finance Companies; No career page discovered; homepage will be monitored
Schedule Of Charges Of Banks,NBFI,https://www.bb.org.bd/en/index.php/financialactivity/schedule_charg,https://www.bb.org.bd/en/index.php,https://www.bb.org.bd/en/index.php,auto,yes,Master source: Bangladesh Bank — Finance Companies; Career URL discovered from common path
SFIL Finance PLC.,NBFI,http://www.sfilbd.com,https://www.sfilbd.com/sfil-career/career,https://www.sfilbd.com/sfil-career/career,auto,yes,Master source: Bangladesh Bank — Finance Companies; Career URL discovered from homepage
The UAE-Bangladesh Investment Co. Ltd,NBFI,https://ubinco.com,,https://ubinco.com,auto,yes,"Master source: Bangladesh Bank — Finance Companies; Homepage check failed: ConnectionError: ('Connection aborted.', ConnectionResetError(104, 'Connection reset by peer'))"
United Finance Limited,NBFI,http://www.ulc.com.bd,,http://www.ulc.com.bd,auto,yes,"Master source: Bangladesh Bank — Finance Companies; Homepage check failed: ConnectTimeout: HTTPConnectionPool(host='www.ulc.com.bd', port=80): Max retries exceeded with url: / (Caused by ConnectTimeoutError(<HTTPConnection(host='www.ulc.com.bd', port=80) at 0x7fad99758c20>, 'Connection to www.ulc.com.bd timed out. (connect timeout=25)'))"
Uttara Finance and Investments Limited,NBFI,http://www.uttarafinance.biz,,http://www.uttarafinance.biz,auto,yes,Master source: Bangladesh Bank — Finance Companies; No career page discovered; homepage will be monitored
IDLC Finance Limited,NBFI | Custodian | Trustee,https://idlc.com,https://apps.idlc.com/career,https://apps.idlc.com/career,auto,yes,Starter row; bootstrap adds the remaining companies; Master source: Bangladesh Bank — Finance Companies; Master source: BSEC — Custodians; Master source: BSEC — Trustees; Career URL discovered from common path
DBH Finance PLC,NBFI | Trustee,http://www.deltabrac.com,,http://www.deltabrac.com,auto,yes,"Master source: Bangladesh Bank — Finance Companies; Master source: BSEC — Trustees; Homepage check failed: ConnectionError: HTTPConnectionPool(host='www.deltabrac.com', port=80): Max retries exceeded with url: / (Caused by NewConnectionError(""HTTPConnection(host='www.deltabrac.com', port=80): Failed to establish a new connection: [Errno 111] Connection refused""))"
IPDC Finance Limited,NBFI | Trustee,https://www.ipdcbd.com,https://ipdc.com/career/,https://ipdc.com/career/,auto,yes,Starter row; Master source: Bangladesh Bank — Finance Companies; Master source: BSEC — Trustees; Career URL discovered from common path
Union Capital Limited,NBFI | Trustee,http://www.unicap-bd.com,https://www.unicap-bd.com/career/,https://www.unicap-bd.com/career/,auto,yes,Master source: Bangladesh Bank — Finance Companies; Master source: BSEC — Trustees; Career URL discovered from homepage
BRAC EPL Stock Brokerage Ltd,Stock Broker / TREC Holder,https://bracepl.com,,https://bracepl.com,auto,yes,Starter row; No career page discovered; homepage will be monitored
EBL Securities PLC,Stock Broker / TREC Holder,https://www.eblsecurities.com,https://www.eblsecurities.com/Career,https://www.eblsecurities.com/Career,auto,yes,Starter row; Career URL discovered from homepage
Alpha Islami Life Insurance Ltd.,Trustee,,,,auto,yes,Master source: BSEC — Trustees; Manual review: homepage missing; Manual review: homepage missing; Manual review: homepage missing; Manual review: homepage missing; Manual review: homepage missing; Manual review: homepage missing; Manual review: homepage missing; Manual review: homepage missing
Bangladesh Finance Limited (R-Ventures Private Equity Fund),Trustee,,,,auto,yes,Master source: BSEC — Trustees; Manual review: homepage missing; Manual review: homepage missing; Manual review: homepage missing; Manual review: homepage missing; Manual review: homepage missing; Manual review: homepage missing; Manual review: homepage missing; Manual review: homepage missing
Bangladesh Finance Limited (SBK Ignite Private Equity Fund),Trustee,,,,auto,yes,Master source: BSEC — Trustees; Manual review: homepage missing; Manual review: homepage missing; Manual review: homepage missing; Manual review: homepage missing; Manual review: homepage missing; Manual review: homepage missing; Manual review: homepage missing; Manual review: homepage missing
Bangladesh General Insurance Company (BGIC),Trustee,,,,auto,yes,Master source: BSEC — Trustees; Manual review: homepage missing; Manual review: homepage missing; Manual review: homepage missing; Manual review: homepage missing; Manual review: homepage missing; Manual review: homepage missing; Manual review: homepage missing; Manual review: homepage missing
Bangladesh General Insurance Company Limited,Trustee,https://www.bgicinsure.com,,https://www.bgicinsure.com,auto,yes,Master source: BSEC — Trustees; No career page discovered; homepage will be monitored
BRAC EPL Investments Limited,Trustee,,,,auto,yes,Master source: BSEC — Trustees; Manual review: homepage missing; Manual review: homepage missing; Manual review: homepage missing; Manual review: homepage missing; Manual review: homepage missing; Manual review: homepage missing; Manual review: homepage missing; Manual review: homepage missing
DBH Finance PLC.(UCB Private Equity Fund I),Trustee,,,,auto,yes,Master source: BSEC — Trustees; Manual review: homepage missing; Manual review: homepage missing; Manual review: homepage missing; Manual review: homepage missing; Manual review: homepage missing; Manual review: homepage missing; Manual review: homepage missing; Manual review: homepage missing
DBH Finance PLC.(UCB Venture Capital Fund I),Trustee,,,,auto,yes,Master source: BSEC — Trustees; Manual review: homepage missing; Manual review: homepage missing; Manual review: homepage missing; Manual review: homepage missing; Manual review: homepage missing; Manual review: homepage missing; Manual review: homepage missing; Manual review: homepage missing
Delta Brac Housing Finance Corporation Ltd.(IDLC Venture Capital Fund I),Trustee,,,,auto,yes,Master source: BSEC — Trustees; Manual review: homepage missing; Manual review: homepage missing; Manual review: homepage missing; Manual review: homepage missing; Manual review: homepage missing; Manual review: homepage missing; Manual review: homepage missing; Manual review: homepage missing
Eastern Bank Limited,Trustee,http://www.ebl.com.bd,,http://www.ebl.com.bd,auto,yes,Master source: BSEC — Trustees; Homepage check failed: Blocked by robots.txt: http://www.ebl.com.bd/robots.txt
EBL Investment Limited,Trustee,,,,auto,yes,Master source: BSEC — Trustees; Manual review: homepage missing; Manual review: homepage missing; Manual review: homepage missing; Manual review: homepage missing; Manual review: homepage missing; Manual review: homepage missing; Manual review: homepage missing; Manual review: homepage missing
FBL Securities Ltd.,Trustee,,,,auto,yes,Master source: BSEC — Trustees; Manual review: homepage missing; Manual review: homepage missing; Manual review: homepage missing; Manual review: homepage missing; Manual review: homepage missing; Manual review: homepage missing; Manual review: homepage missing; Manual review: homepage missing
"Grameen Fund, Grameen Bank",Trustee,https://www.grameen.com,,https://www.grameen.com,auto,yes,Master source: BSEC — Trustees; Homepage check failed: Blocked by robots.txt: https://www.grameen.com/robots.txt
Green Delta Insurance Company Limited,Trustee,,,,auto,yes,Master source: BSEC — Trustees; Manual review: homepage missing; Manual review: homepage missing; Manual review: homepage missing; Manual review: homepage missing; Manual review: homepage missing; Manual review: homepage missing; Manual review: homepage missing; Manual review: homepage missing
Green Delta Insurance Company Limited (R-Venture Private Capital Limited),Trustee,,,,auto,yes,Master source: BSEC — Trustees; Manual review: homepage missing; Manual review: homepage missing; Manual review: homepage missing; Manual review: homepage missing; Manual review: homepage missing; Manual review: homepage missing; Manual review: homepage missing; Manual review: homepage missing
IDLC Investment Limited,Trustee,,,,auto,yes,Master source: BSEC — Trustees; Manual review: homepage missing; Manual review: homepage missing; Manual review: homepage missing; Manual review: homepage missing; Manual review: homepage missing; Manual review: homepage missing; Manual review: homepage missing; Manual review: homepage missing
Investment Corporation of Bangladesh,Trustee,https://www.icb.gov.bd,,https://www.icb.gov.bd,auto,yes,"Master source: BSEC — Trustees; Homepage check failed: ConnectTimeout: HTTPSConnectionPool(host='www.icb.gov.bd', port=443): Max retries exceeded with url: / (Caused by ConnectTimeoutError(<HTTPSConnection(host='www.icb.gov.bd', port=443) at 0x7fad9b1f8860>, 'Connection to www.icb.gov.bd timed out. (connect timeout=25)'))"
Multi Securities & Services Limited,Trustee,,,,auto,yes,Master source: BSEC — Trustees; Manual review: homepage missing; Manual review: homepage missing; Manual review: homepage missing; Manual review: homepage missing; Manual review: homepage missing; Manual review: homepage missing; Manual review: homepage missing; Manual review: homepage missing
Sandhani Life Insurance Co. Ltd,Trustee,,,,auto,yes,Master source: BSEC — Trustees; Manual review: homepage missing; Manual review: homepage missing; Manual review: homepage missing; Manual review: homepage missing; Manual review: homepage missing; Manual review: homepage missing; Manual review: homepage missing; Manual review: homepage missing
Sandhani Life Insurance Company Limited (UFSEPL Private Equity Fund.),Trustee,,,,auto,yes,Master source: BSEC — Trustees; Manual review: homepage missing; Manual review: homepage missing; Manual review: homepage missing; Manual review: homepage missing; Manual review: homepage missing; Manual review: homepage missing; Manual review: homepage missing; Manual review: homepage missing
Sandhani Life Insurance Company Limited (UFSEPL Venture Capital Fund.),Trustee,,,,auto,yes,Master source: BSEC — Trustees; Manual review: homepage missing; Manual review: homepage missing; Manual review: homepage missing; Manual review: homepage missing; Manual review: homepage missing; Manual review: homepage missing; Manual review: homepage missing; Manual review: homepage missing
Sandhani Life Insurance Company Limited (X Angel First Private Equity Fund.),Trustee,,,,auto,yes,Master source: BSEC — Trustees; Manual review: homepage missing; Manual review: homepage missing; Manual review: homepage missing; Manual review: homepage missing; Manual review: homepage missing; Manual review: homepage missing; Manual review: homepage missing; Manual review: homepage missing
Sandhani Life Insurance Company Limited (X Angel Vision Venture Capital Fund.),Trustee,,,,auto,yes,Master source: BSEC — Trustees; Manual review: homepage missing; Manual review: homepage missing; Manual review: homepage missing; Manual review: homepage missing; Manual review: homepage missing; Manual review: homepage missing; Manual review: homepage missing; Manual review: homepage missing
Sena Insurance PLC,Trustee,,,,auto,yes,Master source: BSEC — Trustees; Manual review: homepage missing; Manual review: homepage missing; Manual review: homepage missing; Manual review: homepage missing; Manual review: homepage missing; Manual review: homepage missing; Manual review: homepage missing; Manual review: homepage missing
Sena Kalyan Insurance Company Limited,Trustee,,,,auto,yes,Master source: BSEC — Trustees; Manual review: homepage missing; Manual review: homepage missing; Manual review: homepage missing; Manual review: homepage missing; Manual review: homepage missing; Manual review: homepage missing; Manual review: homepage missing; Manual review: homepage missing
Sentinel Trustee & Custodial Serviced Ltd.,Trustee,,,,auto,yes,Master source: BSEC — Trustees; Manual review: homepage missing; Manual review: homepage missing; Manual review: homepage missing; Manual review: homepage missing; Manual review: homepage missing; Manual review: homepage missing; Manual review: homepage missing; Manual review: homepage missing
The Premier Bank Limited,Trustee,,,,auto,yes,Master source: BSEC — Trustees; Manual review: homepage missing; Manual review: homepage missing; Manual review: homepage missing; Manual review: homepage missing; Manual review: homepage missing; Manual review: homepage missing; Manual review: homepage missing; Manual review: homepage missing
Trust Bank Ltd,Trustee,,,,auto,yes,Master source: BSEC — Trustees; Manual review: homepage missing; Manual review: homepage missing; Manual review: homepage missing; Manual review: homepage missing; Manual review: homepage missing; Manual review: homepage missing; Manual review: homepage missing; Manual review: homepage missing
